﻿Designator,Footprint,Quantity,Value,LCSC Part #
"CN1, CN8",CONN-SMD_X1011WRS-2X08-9TV01,2,JST SHD 2x08,C718178
CN10,CONN-SMD_6P-P1.25_HC-1.25-6PWT,1,JST GH 1x06,C2845383
"CN2, CN6, CN9",CONN-SMD_HC-1.25-3PWT,3,JST GH 1x03,C2845380
CN3,CONN-SMD_8P-P1.25_YTC-A1251-08ABW,1,JST GH 1x08,C7436577
CN5,CONN-SMD_2P-P1.25-HC-1.25-2PWT,1,JST GH 1x02,C2845379
CN7,CONN-SMD_2P-P2.54-XH2.54-WT,1,JST XH 1x02,C3029476
"H1, H2, H3",CONN-SMD_2P-P2.00_XUNPU_WAFER-PH2.0-2PWB,3,JST PH 1x02,C3029440
"J1, J10, J11, J12, J3",PinHeader_1x02_P2.54mm_Vertical,5,Conn_01x02_Pin,
"J13, J14",PinHeader_2x08_P2.54mm_Vertical,2,Conn_02x08_Odd_Even,
J2,PinHeader_1x06_P2.54mm_Vertical,1,Conn_01x06_Pin,
J4,PinHeader_1x04_P2.54mm_Vertical,1,Conn_01x04_Pin,
J5,PinHeader_1x08_P2.54mm_Vertical,1,Conn_01x08_Pin,
"J6, J8, J9",PinHeader_1x03_P2.54mm_Vertical,3,Conn_01x03_Pin,
J7,PinHeader_1x05_P2.54mm_Vertical,1,Conn_01x05_Pin,
U4,CONN-SMD_4P-P2.00_XUNPU_WAFER-PH2.0-4PWB,1,JST PH 1x02,C3029442
U8,CONN-SMD_5P-P2.00_XUNPU_WAFER-PH2.0-5PWB,1,JST PH 1x05,C3029443
